{"coco/AP": 0.73622488793012, "coco/AP .5": 1.0, "coco/AP .75": 0.9084900127643427, "coco/AP (M)": -1.0, "coco/AP (L)": 0.73622488793012, "coco/AR": 0.7547619047619047, "coco/AR .5": 1.0, "coco/AR .75": 0.9285714285714286, "coco/AR (M)": -1.0, "coco/AR (L)": 0.7547619047619047, "PCK": 0.9659863945578231, "AUC": 0.11111111111111113, "NME": 0.043451447605816415, "data_time": 1.4712572892506917, "time": 1.5279546181360881}